"fold","tier1_accuracy","exact_match","within1","within2","acc_9v10"
1,0.775233874938454,0.56794682422452,0.743229935992122,0.868537666174298,0.570298769771529
